STATE,STATENAME,ST_CASE,VE_TOTAL,VE_FORMS,PVH_INVL,PEDS,PERSONS,PERMVIT,PERNOTMVIT,COUNTY,COUNTYNAME,CITY,CITYNAME,DAY,DAYNAME,MONTH,MONTHNAME,YEAR,DAY_WEEK,DAY_WEEKNAME,HOUR,HOURNAME,MINUTE,MINUTENAME,NHS,NHSNAME,ROUTE,ROUTENAME,TWAY_ID,TWAY_ID2,RUR_URB,RUR_URBNAME,FUNC_SYS,FUNC_SYSNAME,RD_OWNER,RD_OWNERNAME,MILEPT,MILEPTNAME,LATITUDE,LATITUDENAME,LONGITUD,LONGITUDNAME,SP_JUR,SP_JURNAME,HARM_EV,HARM_EVNAME,MAN_COLL,MAN_COLLNAME,RELJCT1,RELJCT1NAME,RELJCT2,RELJCT2NAME,TYP_INT,TYP_INTNAME,WRK_ZONE,WRK_ZONENAME,REL_ROAD,REL_ROADNAME,LGT_COND,LGT_CONDNAME,WEATHER1,WEATHER1NAME,WEATHER2,WEATHER2NAME,WEATHER,WEATHERNAME,SCH_BUS,SCH_BUSNAME,RAIL,RAILNAME,NOT_HOUR,NOT_HOURNAME,NOT_MIN,NOT_MINNAME,ARR_HOUR,ARR_HOURNAME,ARR_MIN,ARR_MINNAME,HOSP_HR,HOSP_HRNAME,HOSP_MN,HOSP_MNNAME,CF1,CF1NAME,CF2,CF2NAME,CF3,CF3NAME,FATALS,DRUNK_DR
41,Oregon,410071,2,2,0,0,4,4,0,17,DESCHUTES (17),0,NOT APPLICABLE,30,30,3,March,2017,5,Thursday,10,10:00am-10:59am,19,19,0,This section IS NOT on the NHS,3,State Highway,SR-372 ODOT 372,,1,Rural,4,Minor Arterial,1,State Highway Agency,210,210,43.98665833,43.98665833,-121.6465444,-121.64654444,0,No Special Jurisdiction,12,Motor Vehicle In-Transport,6,Angle,0,No,1,Non-Junction,1,Not an Intersection,0,,1,On Roadway,1,Daylight,4,Snow,0,No Additional Atmospheric Conditions,4,Snow,0,No,0000000,Not Applicable,10,10:00am-10:59am,20,20,10,10:00am-10:59am,48,48,99,Unknown,99,Unknown EMS Hospital Arrival Time,0,,0,,0,,1,0
41,Oregon,410072,2,2,0,0,3,3,0,53,POLK (53),0,NOT APPLICABLE,14,14,4,April,2017,6,Friday,5,5:00am-5:59am,15,15,1,This section IS ON the NHS,3,State Highway,SR-22 ODOT 30,,1,Rural,3,Principal Arterial - Other,1,State Highway Agency,132,132,44.95556111,44.95556111,-123.2765667,-123.27656667,0,No Special Jurisdiction,12,Motor Vehicle In-Transport,6,Angle,0,No,1,Non-Junction,1,Not an Intersection,0,,1,On Roadway,2,Dark - Not Lighted,2,Rain,0,No Additional Atmospheric Conditions,2,Rain,0,No,0000000,Not Applicable,6,6:00am-6:59am,23,23,6,6:00am-6:59am,30,30,88,Not Applicable (Not Transported),88,Not Applicable (Not Transported),0,,0,,0,,1,0
41,Oregon,410073,2,2,0,0,6,6,0,47,MARION (47),1810,SALEM,15,15,4,April,2017,7,Saturday,0,0:00am-0:59am,0,0,1,This section IS ON the NHS,3,State Highway,SR-99 ODOT 81,,2,Urban,3,Principal Arterial - Other,1,State Highway Agency,459,459,44.98555278,44.98555278,-122.9917667,-122.99176667,0,No Special Jurisdiction,12,Motor Vehicle In-Transport,1,Front-to-Rear,0,No,1,Non-Junction,1,Not an Intersection,0,,1,On Roadway,3,Dark - Lighted,1,Clear,0,No Additional Atmospheric Conditions,1,Clear,0,No,0000000,Not Applicable,99,Unknown,99,Unknown,99,Unknown EMS Scene Arrival Hour,99,Unknown EMS Scene Arrival Minutes,99,Unknown,99,Unknown EMS Hospital Arrival Time,0,,0,,0,,1,0
41,Oregon,410074,2,2,0,0,3,3,0,71,YAMHILL (71),0,NOT APPLICABLE,15,15,4,April,2017,7,Saturday,15,3:00pm-3:59pm,19,19,1,This section IS ON the NHS,3,State Highway,SR-18 ODOT 39,,2,Urban,3,Principal Arterial - Other,1,State Highway Agency,490,490,45.20458056,45.20458056,-123.1219917,-123.12199167,0,No Special Jurisdiction,12,Motor Vehicle In-Transport,2,Front-to-Front,0,No,1,Non-Junction,1,Not an Intersection,0,,1,On Roadway,1,Daylight,1,Clear,0,No Additional Atmospheric Conditions,1,Clear,0,No,0000000,Not Applicable,15,3:00pm-3:59pm,19,19,15,3:00pm-3:59pm,26,26,99,Unknown,99,Unknown EMS Hospital Arrival Time,0,,0,,0,,2,0
41,Oregon,410075,3,3,0,0,4,4,0,17,DESCHUTES (17),0,NOT APPLICABLE,8,8,1,January,2017,1,Sunday,14,2:00pm-2:59pm,43,43,1,This section IS ON the NHS,2,U.S. Highway,US-97 ODOT 4,,1,Rural,3,Principal Arterial - Other,1,State Highway Agency,1617,1617,43.75295278,43.75295278,-121.459575,-121.459575,0,No Special Jurisdiction,12,Motor Vehicle In-Transport,6,Angle,0,No,1,Non-Junction,1,Not an Intersection,0,,1,On Roadway,1,Daylight,4,Snow,0,No Additional Atmospheric Conditions,4,Snow,0,No,0000000,Not Applicable,14,2:00pm-2:59pm,44,44,14,2:00pm-2:59pm,52,52,88,Not Applicable (Not Transported),88,Not Applicable (Not Transported),0,,0,,0,,1,0
41,Oregon,410076,1,1,0,1,1,1,1,39,LANE (39),0,NOT APPLICABLE,31,31,1,January,2017,3,Tuesday,13,1:00pm-1:59pm,35,35,1,This section IS ON the NHS,3,State Highway,SR-126 ODOT 62,,1,Rural,3,Principal Arterial - Other,1,State Highway Agency,112,112,44.01910833,44.01910833,-123.9115778,-123.91157778,0,No Special Jurisdiction,8,Pedestrian,0,Not a Collision with Motor Vehicle In-Transport,0,No,1,Non-Junction,1,Not an Intersection,0,,1,On Roadway,1,Daylight,10,Cloudy,0,No Additional Atmospheric Conditions,10,Cloudy,0,No,0000000,Not Applicable,99,Unknown,99,Unknown,99,Unknown EMS Scene Arrival Hour,99,Unknown EMS Scene Arrival Minutes,88,Not Applicable (Not Transported),88,Not Applicable (Not Transported),0,,0,,0,,1,0
41,Oregon,410077,1,1,0,0,1,1,0,51,MULTNOMAH (51),1650,PORTLAND,21,21,3,March,2017,3,Tuesday,16,4:00pm-4:59pm,19,19,0,This section IS NOT on the NHS,6,Local Street - Municipality,SE 92ND AVE,SE STEELE ST,2,Urban,5,Major Collector,4,City or Municipal Highway Agency,0,,45.48461944,45.48461944,-122.5685944,-122.56859444,0,No Special Jurisdiction,1,Rollover/Overturn,0,Not a Collision with Motor Vehicle In-Transport,0,No,3,Intersection-Related,3,T-Intersection,0,,1,On Roadway,1,Daylight,10,Cloudy,0,No Additional Atmospheric Conditions,10,Cloudy,0,No,0000000,Not Applicable,16,4:00pm-4:59pm,38,38,16,4:00pm-4:59pm,52,52,17,5:00pm-5:59pm,22,22,0,,0,,0,,1,0
41,Oregon,410078,1,1,0,0,1,1,0,11,COOS (11),0,NOT APPLICABLE,16,16,4,April,2017,1,Sunday,4,4:00am-4:59am,16,16,1,This section IS ON the NHS,3,State Highway,SR-42 ODOT 35,,1,Rural,3,Principal Arterial - Other,1,State Highway Agency,62,62,43.15930556,43.15930556,-124.1780944,-124.17809444,0,No Special Jurisdiction,42,Tree (Standing Only),0,Not a Collision with Motor Vehicle In-Transport,0,No,1,Non-Junction,1,Not an Intersection,0,,4,On Roadside,2,Dark - Not Lighted,10,Cloudy,0,No Additional Atmospheric Conditions,10,Cloudy,0,No,0000000,Not Applicable,4,4:00am-4:59am,17,17,4,4:00am-4:59am,28,28,88,Not Applicable (Not Transported),88,Not Applicable (Not Transported),0,,0,,0,,1,1
41,Oregon,410079,1,1,0,0,1,1,0,17,DESCHUTES (17),0,NOT APPLICABLE,20,20,4,April,2017,5,Thursday,13,1:00pm-1:59pm,25,25,1,This section IS ON the NHS,2,U.S. Highway,US-20 ODOT 7,,1,Rural,3,Principal Arterial - Other,1,State Highway Agency,460,460,43.80238611,43.80238611,-120.5618028,-120.56180278,0,No Special Jurisdiction,58,Ground,0,Not a Collision with Motor Vehicle In-Transport,0,No,1,Non-Junction,1,Not an Intersection,0,,4,On Roadside,1,Daylight,10,Cloudy,0,No Additional Atmospheric Conditions,10,Cloudy,0,No,0000000,Not Applicable,13,1:00pm-1:59pm,25,25,14,2:00pm-2:59pm,10,10,88,Not Applicable (Not Transported),88,Not Applicable (Not Transported),0,,0,,0,,1,0
41,Oregon,410080,2,2,0,0,2,2,0,51,MULTNOMAH (51),1650,PORTLAND,21,21,4,April,2017,6,Friday,23,11:00pm-11:59pm,41,41,1,This section IS ON the NHS,2,U.S. Highway,US-26 ODOT 26,SE 37TH AVE,2,Urban,3,Principal Arterial - Other,1,State Highway Agency,28,28,45.49714722,45.49714722,-122.6248833,-122.62488333,0,No Special Jurisdiction,12,Motor Vehicle In-Transport,6,Angle,0,No,2,Intersection,3,T-Intersection,0,,1,On Roadway,3,Dark - Lighted,1,Clear,0,No Additional Atmospheric Conditions,1,Clear,0,No,0000000,Not Applicable,23,11:00pm-11:59pm,41,41,99,Unknown EMS Scene Arrival Hour,99,Unknown EMS Scene Arrival Minutes,88,Not Applicable (Not Transported),88,Not Applicable (Not Transported),0,,0,,0,,1,0
41,Oregon,410081,1,1,0,0,1,1,0,11,COOS (11),0,NOT APPLICABLE,16,16,4,April,2017,1,Sunday,16,4:00pm-4:59pm,29,29,1,This section IS ON the NHS,2,U.S. Highway,US-101 ODOT 9,,1,Rural,3,Principal Arterial - Other,1,State Highway Agency,2432,2432,43.30560556,43.30560556,-124.2119583,-124.21195833,0,No Special Jurisdiction,35,Embankment,0,Not a Collision with Motor Vehicle In-Transport,0,No,1,Non-Junction,1,Not an Intersection,0,,4,On Roadside,1,Daylight,10,Cloudy,0,No Additional Atmospheric Conditions,10,Cloudy,0,No,0000000,Not Applicable,16,4:00pm-4:59pm,29,29,16,4:00pm-4:59pm,34,34,88,Not Applicable (Not Transported),88,Not Applicable (Not Transported),0,,0,,0,,1,0
41,Oregon,410082,2,2,0,0,4,4,0,35,KLAMATH (35),0,NOT APPLICABLE,17,17,4,April,2017,2,Monday,7,7:00am-7:59am,14,14,1,This section IS ON the NHS,3,State Highway,SR-58 ODOT 18,,1,Rural,3,Principal Arterial - Other,1,State Highway Agency,668,668,43.56500278,43.56500278,-121.9656444,-121.96564444,0,No Special Jurisdiction,12,Motor Vehicle In-Transport,6,Angle,0,No,1,Non-Junction,1,Not an Intersection,0,,1,On Roadway,1,Daylight,4,Snow,0,No Additional Atmospheric Conditions,4,Snow,0,No,0000000,Not Applicable,7,7:00am-7:59am,14,14,7,7:00am-7:59am,38,38,99,Unknown,99,Unknown EMS Hospital Arrival Time,0,,0,,0,,1,0
41,Oregon,410083,1,1,0,1,1,1,1,43,LINN (43),0,NOT APPLICABLE,19,19,4,April,2017,4,Wednesday,0,0:00am-0:59am,15,15,1,This section IS ON the NHS,3,State Highway,SR-34 ODOT 210,,1,Rural,3,Principal Arterial - Other,1,State Highway Agency,25,25,44.56406944,44.56406944,-123.2079917,-123.20799167,0,No Special Jurisdiction,8,Pedestrian,0,Not a Collision with Motor Vehicle In-Transport,0,No,1,Non-Junction,1,Not an Intersection,0,,1,On Roadway,3,Dark - Lighted,1,Clear,0,No Additional Atmospheric Conditions,1,Clear,0,No,0000000,Not Applicable,0,0:00am-0:59am,15,15,0,0:00am-0:59am,20,20,88,Not Applicable (Not Transported),88,Not Applicable (Not Transported),0,,0,,0,,1,0
41,Oregon,410084,2,2,0,0,2,2,0,35,KLAMATH (35),1170,KLAMATH FALLS,1,1,5,May,2017,2,Monday,19,7:00pm-7:59pm,9,9,0,This section IS NOT on the NHS,6,Local Street - Municipality,SHELLEY ST,LANCASTER AVE,2,Urban,7,Local,4,City or Municipal Highway Agency,0,,42.23792222,42.23792222,-121.783,-121.783,0,No Special Jurisdiction,12,Motor Vehicle In-Transport,6,Angle,0,No,2,Intersection,2,Four-Way Intersection,0,,1,On Roadway,1,Daylight,10,Cloudy,0,No Additional Atmospheric Conditions,10,Cloudy,0,No,0000000,Not Applicable,19,7:00pm-7:59pm,9,9,19,7:00pm-7:59pm,13,13,19,7:00pm-7:59pm,26,26,0,,0,,0,,1,1
41,Oregon,410085,2,1,1,0,1,1,0,47,MARION (47),0,NOT APPLICABLE,5,5,5,May,2017,6,Friday,0,0:00am-0:59am,41,41,1,This section IS ON the NHS,1,Interstate,I-5 RAMP,,1,Rural,1,Interstate,1,State Highway Agency,2415,2415,44.74629722,44.74629722,-123.0521861,-123.05218611,0,No Special Jurisdiction,14,Parked Motor Vehicle,0,Not a Collision with Motor Vehicle In-Transport,1,Yes,5,Entrance/Exit Ramp Related,1,Not an Intersection,0,,8,Gore,3,Dark - Lighted,10,Cloudy,0,No Additional Atmospheric Conditions,10,Cloudy,0,No,0000000,Not Applicable,0,0:00am-0:59am,41,41,0,0:00am-0:59am,50,50,88,Not Applicable (Not Transported),88,Not Applicable (Not Transported),0,,0,,0,,1,1
41,Oregon,410086,1,1,0,1,1,1,1,51,MULTNOMAH (51),1650,PORTLAND,5,5,5,May,2017,6,Friday,4,4:00am-4:59am,31,31,1,This section IS ON the NHS,3,State Highway,SR-213 ODOT 68,,2,Urban,3,Principal Arterial - Other,1,State Highway Agency,68,68,45.46811667,45.46811667,-122.5790694,-122.57906944,0,No Special Jurisdiction,8,Pedestrian,0,Not a Collision with Motor Vehicle In-Transport,0,No,1,Non-Junction,1,Not an Intersection,0,,1,On Roadway,3,Dark - Lighted,10,Cloudy,0,No Additional Atmospheric Conditions,10,Cloudy,0,No,0000000,Not Applicable,4,4:00am-4:59am,32,32,4,4:00am-4:59am,39,39,4,4:00am-4:59am,58,58,0,,0,,0,,1,0
41,Oregon,410087,3,3,0,0,4,4,0,1,BAKER (1),0,NOT APPLICABLE,7,7,5,May,2017,1,Sunday,21,9:00pm-9:59pm,44,44,1,This section IS ON the NHS,1,Interstate,I-84,,1,Rural,1,Interstate,1,State Highway Agency,2898,2898,44.96493889,44.96493889,-117.8698861,-117.86988611,0,No Special Jurisdiction,12,Motor Vehicle In-Transport,8,Sideswipe - Opposite Direction,0,No,1,Non-Junction,1,Not an Intersection,0,,1,On Roadway,2,Dark - Not Lighted,1,Clear,0,No Additional Atmospheric Conditions,1,Clear,0,No,0000000,Not Applicable,21,9:00pm-9:59pm,44,44,21,9:00pm-9:59pm,50,50,88,Not Applicable (Not Transported),88,Not Applicable (Not Transported),0,,0,,0,,1,0
41,Oregon,410088,2,2,0,0,2,2,0,29,JACKSON (29),0,NOT APPLICABLE,9,9,5,May,2017,3,Tuesday,9,9:00am-9:59am,45,45,1,This section IS ON the NHS,3,State Highway,SR-140 ODOT 270,KERSHAW RD,2,Urban,3,Principal Arterial - Other,1,State Highway Agency,22,22,42.42376944,42.42376944,-122.8069944,-122.80699444,0,No Special Jurisdiction,12,Motor Vehicle In-Transport,6,Angle,0,No,2,Intersection,2,Four-Way Intersection,0,,1,On Roadway,1,Daylight,1,Clear,0,No Additional Atmospheric Conditions,1,Clear,0,No,0000000,Not Applicable,9,9:00am-9:59am,47,47,9,9:00am-9:59am,56,56,88,Not Applicable (Not Transported),88,Not Applicable (Not Transported),0,,0,,0,,1,0
41,Oregon,410089,1,1,0,0,2,2,0,59,UMATILLA (59),0,NOT APPLICABLE,22,22,4,April,2017,7,Saturday,99,Unknown Hours,99,Unknown Minutes,0,This section IS NOT on the NHS,4,County Road,CR-RIETH RD,,1,Rural,5,Major Collector,2,County Highway Agency,179,179,45.66386389,45.66386389,-118.9669083,-118.96690833,0,No Special Jurisdiction,58,Ground,0,Not a Collision with Motor Vehicle In-Transport,0,No,1,Non-Junction,1,Not an Intersection,0,,4,On Roadside,2,Dark - Not Lighted,1,Clear,0,No Additional Atmospheric Conditions,1,Clear,0,No,0000000,Not Applicable,7,7:00am-7:59am,9,9,7,7:00am-7:59am,45,45,8,8:00am-8:59am,37,37,0,,0,,0,,1,0
41,Oregon,410090,2,2,0,0,3,3,0,29,JACKSON (29),0,NOT APPLICABLE,24,24,4,April,2017,2,Monday,13,1:00pm-1:59pm,54,54,0,This section IS NOT on the NHS,4,County Road,CR-DEAD INDIAN MEMORIAL RD,,1,Rural,5,Major Collector,2,County Highway Agency,45,45,42.23792778,42.23792778,-122.5216639,-122.52166389,0,No Special Jurisdiction,12,Motor Vehicle In-Transport,2,Front-to-Front,0,No,1,Non-Junction,1,Not an Intersection,0,,1,On Roadway,1,Daylight,10,Cloudy,2,Rain,2,Rain,0,No,0000000,Not Applicable,99,Unknown,99,Unknown,99,Unknown EMS Scene Arrival Hour,99,Unknown EMS Scene Arrival Minutes,99,Unknown,99,Unknown EMS Hospital Arrival Time,0,,0,,0,,1,1
41,Oregon,410091,1,1,0,0,1,1,0,9,COLUMBIA (9),0,NOT APPLICABLE,26,26,4,April,2017,4,Wednesday,5,5:00am-5:59am,55,55,1,This section IS ON the NHS,2,U.S. Highway,US-30 ODOT 92,,1,Rural,3,Principal Arterial - Other,1,State Highway Agency,596,596,46.10302222,46.10302222,-123.1670694,-123.16706944,0,No Special Jurisdiction,42,Tree (Standing Only),0,Not a Collision with Motor Vehicle In-Transport,0,No,1,Non-Junction,1,Not an Intersection,0,,4,On Roadside,2,Dark - Not Lighted,2,Rain,0,No Additional Atmospheric Conditions,2,Rain,0,No,0000000,Not Applicable,5,5:00am-5:59am,55,55,6,6:00am-6:59am,5,5,88,Not Applicable (Not Transported),88,Not Applicable (Not Transported),0,,0,,0,,1,0
41,Oregon,410092,1,1,0,0,2,2,0,61,UNION (61),0,NOT APPLICABLE,26,26,4,April,2017,4,Wednesday,14,2:00pm-2:59pm,57,57,1,This section IS ON the NHS,1,Interstate,I-84,,1,Rural,1,Interstate,1,State Highway Agency,2770,2770,45.10957222,45.10957222,-117.9573694,-117.95736944,0,No Special Jurisdiction,24,Guardrail Face,0,Not a Collision with Motor Vehicle In-Transport,0,No,1,Non-Junction,1,Not an Intersection,0,,3,On Median,1,Daylight,2,Rain,0,No Additional Atmospheric Conditions,2,Rain,0,No,0000000,Not Applicable,14,2:00pm-2:59pm,59,59,15,3:00pm-3:59pm,15,15,15,3:00pm-3:59pm,52,52,0,,0,,0,,1,0
41,Oregon,410093,1,1,0,1,1,1,1,51,MULTNOMAH (51),1650,PORTLAND,26,26,4,April,2017,4,Wednesday,4,4:00am-4:59am,26,26,0,This section IS NOT on the NHS,6,Local Street - Municipality,SE 92ND AVE,SE FOSTER RD,2,Urban,4,Minor Arterial,4,City or Municipal Highway Agency,0,,45.4798,45.4798,-122.5686194,-122.56861944,0,No Special Jurisdiction,8,Pedestrian,0,Not a Collision with Motor Vehicle In-Transport,0,No,3,Intersection-Related,2,Four-Way Intersection,0,,1,On Roadway,3,Dark - Lighted,2,Rain,0,No Additional Atmospheric Conditions,2,Rain,0,No,0000000,Not Applicable,99,Unknown,99,Unknown,99,Unknown EMS Scene Arrival Hour,99,Unknown EMS Scene Arrival Minutes,99,Unknown,99,Unknown EMS Hospital Arrival Time,0,,0,,0,,1,0
41,Oregon,410094,1,1,0,0,2,2,0,11,COOS (11),1198,LAKESIDE,30,30,4,April,2017,1,Sunday,15,3:00pm-3:59pm,22,22,1,This section IS ON the NHS,2,U.S. Highway,US-101 ODOT 9,,1,Rural,3,Principal Arterial - Other,1,State Highway Agency,2220,2220,43.58978056,43.58978056,-124.1833167,-124.18331667,0,No Special Jurisdiction,42,Tree (Standing Only),0,Not a Collision with Motor Vehicle In-Transport,0,No,1,Non-Junction,1,Not an Intersection,0,,5,Outside Trafficway,1,Daylight,1,Clear,0,No Additional Atmospheric Conditions,1,Clear,0,No,0000000,Not Applicable,15,3:00pm-3:59pm,26,26,15,3:00pm-3:59pm,29,29,99,Unknown,99,Unknown EMS Hospital Arrival Time,0,,0,,0,,1,1
41,Oregon,410095,1,1,0,1,1,1,1,51,MULTNOMAH (51),1650,PORTLAND,30,30,4,April,2017,1,Sunday,21,9:00pm-9:59pm,51,51,1,This section IS ON the NHS,6,Local Street - Municipality,NE KILLINGSORTH ST ODOT 123,,2,Urban,3,Principal Arterial - Other,4,City or Municipal Highway Agency,100,100,45.56265,45.56265,-122.5855417,-122.58554167,0,No Special Jurisdiction,8,Pedestrian,0,Not a Collision with Motor Vehicle In-Transport,0,No,1,Non-Junction,1,Not an Intersection,0,,1,On Roadway,3,Dark - Lighted,1,Clear,0,No Additional Atmospheric Conditions,1,Clear,0,No,0000000,Not Applicable,21,9:00pm-9:59pm,52,52,21,9:00pm-9:59pm,55,55,22,10:00pm-10:59pm,29,29,0,,0,,0,,1,0
41,Oregon,410096,1,1,0,0,1,1,0,39,LANE (39),0,NOT APPLICABLE,14,14,5,May,2017,1,Sunday,19,7:00pm-7:59pm,20,20,1,This section IS ON the NHS,3,State Highway,SR-126E ODOT 15,,2,Urban,3,Principal Arterial - Other,1,State Highway Agency,107,107,44.05337778,44.05337778,-122.8441222,-122.84412222,0,No Special Jurisdiction,42,Tree (Standing Only),0,Not a Collision with Motor Vehicle In-Transport,0,No,1,Non-Junction,1,Not an Intersection,0,,4,On Roadside,1,Daylight,10,Cloudy,0,No Additional Atmospheric Conditions,10,Cloudy,0,No,0000000,Not Applicable,19,7:00pm-7:59pm,21,21,19,7:00pm-7:59pm,36,36,88,Not Applicable (Not Transported),88,Not Applicable (Not Transported),0,,0,,0,,1,1
41,Oregon,410097,3,3,0,0,3,3,0,39,LANE (39),0,NOT APPLICABLE,17,17,5,May,2017,4,Wednesday,13,1:00pm-1:59pm,21,21,1,This section IS ON the NHS,3,State Highway,SR-126W ODOT 62,,1,Rural,3,Principal Arterial - Other,1,State Highway Agency,510,510,44.05261667,44.05261667,-123.2658361,-123.26583611,0,No Special Jurisdiction,12,Motor Vehicle In-Transport,2,Front-to-Front,0,No,1,Non-Junction,1,Not an Intersection,0,,1,On Roadway,1,Daylight,10,Cloudy,0,No Additional Atmospheric Conditions,10,Cloudy,0,No,0000000,Not Applicable,13,1:00pm-1:59pm,21,21,13,1:00pm-1:59pm,30,30,99,Unknown,99,Unknown EMS Hospital Arrival Time,0,,0,,0,,1,0
41,Oregon,410098,2,2,0,0,2,2,0,67,WASHINGTON (67),0,NOT APPLICABLE,9,9,5,May,2017,3,Tuesday,14,2:00pm-2:59pm,36,36,0,This section IS NOT on the NHS,3,State Highway,SR-6 ODOT 37,,1,Rural,4,Minor Arterial,1,State Highway Agency,350,350,45.64408056,45.64408056,-123.3501139,-123.35011389,0,No Special Jurisdiction,12,Motor Vehicle In-Transport,2,Front-to-Front,0,No,1,Non-Junction,1,Not an Intersection,0,,1,On Roadway,1,Daylight,1,Clear,0,No Additional Atmospheric Conditions,1,Clear,0,No,0000000,Not Applicable,14,2:00pm-2:59pm,36,36,14,2:00pm-2:59pm,50,50,99,Unknown,99,Unknown EMS Hospital Arrival Time,0,,0,,0,,1,0
41,Oregon,410099,1,1,0,0,1,1,0,65,WASCO (65),0,NOT APPLICABLE,10,10,5,May,2017,4,Wednesday,13,1:00pm-1:59pm,18,18,1,This section IS ON the NHS,1,Interstate,I-84,,1,Rural,1,Interstate,1,State Highway Agency,914,914,45.64246389,45.64246389,-121.0784639,-121.07846389,0,No Special Jurisdiction,24,Guardrail Face,0,Not a Collision with Motor Vehicle In-Transport,0,No,1,Non-Junction,1,Not an Intersection,0,,4,On Roadside,1,Daylight,1,Clear,0,No Additional Atmospheric Conditions,1,Clear,0,No,0000000,Not Applicable,13,1:00pm-1:59pm,22,22,13,1:00pm-1:59pm,30,30,99,Unknown,99,Unknown EMS Hospital Arrival Time,0,,0,,0,,1,0
41,Oregon,410100,1,1,0,0,1,1,0,19,DOUGLAS (19),0,NOT APPLICABLE,23,23,5,May,2017,3,Tuesday,11,11:00am-11:59am,28,28,1,This section IS ON the NHS,1,Interstate,I-5,,1,Rural,1,Interstate,1,State Highway Agency,1547,1547,43.61138611,43.61138611,-123.2187889,-123.21878889,0,No Special Jurisdiction,34,Ditch,0,Not a Collision with Motor Vehicle In-Transport,1,Yes,5,Entrance/Exit Ramp Related,1,Not an Intersection,0,,8,Gore,1,Daylight,1,Clear,0,No Additional Atmospheric Conditions,1,Clear,0,No,0000000,Not Applicable,11,11:00am-11:59am,30,30,11,11:00am-11:59am,36,36,88,Not Applicable (Not Transported),88,Not Applicable (Not Transported),0,,0,,0,,1,0
41,Oregon,410101,2,2,0,0,3,3,0,71,YAMHILL (71),0,NOT APPLICABLE,11,11,5,May,2017,5,Thursday,23,11:00pm-11:59pm,30,30,0,This section IS NOT on the NHS,4,County Road,CR-NW WESTSIDE RD,,1,Rural,5,Major Collector,2,County Highway Agency,0,,45.24650278,45.24650278,-123.1988556,-123.19885556,0,No Special Jurisdiction,12,Motor Vehicle In-Transport,2,Front-to-Front,0,No,1,Non-Junction,1,Not an Intersection,0,,1,On Roadway,2,Dark - Not Lighted,10,Cloudy,0,No Additional Atmospheric Conditions,10,Cloudy,0,No,0000000,Not Applicable,23,11:00pm-11:59pm,38,38,23,11:00pm-11:59pm,44,44,88,Not Applicable (Not Transported),88,Not Applicable (Not Transported),0,,0,,0,,1,1
41,Oregon,410102,1,1,0,0,1,1,0,5,CLACKAMAS (5),2253,WILSONVILLE,23,23,4,April,2017,1,Sunday,2,2:00am-2:59am,37,37,1,This section IS ON the NHS,1,Interstate,I-5,,2,Urban,1,Interstate,1,State Highway Agency,2858,2858,45.34328056,45.34328056,-122.7680056,-122.76800556,0,No Special Jurisdiction,43,Other Fixed Object,0,Not a Collision with Motor Vehicle In-Transport,0,No,1,Non-Junction,1,Not an Intersection,0,,4,On Roadside,3,Dark - Lighted,1,Clear,0,No Additional Atmospheric Conditions,1,Clear,0,No,0000000,Not Applicable,2,2:00am-2:59am,40,40,3,3:00am-3:59am,7,7,3,3:00am-3:59am,50,50,0,,0,,0,,1,1
41,Oregon,410103,1,1,0,1,1,1,1,51,MULTNOMAH (51),1650,PORTLAND,12,12,5,May,2017,6,Friday,16,4:00pm-4:59pm,46,46,1,This section IS ON the NHS,3,State Highway,SR-99 ODOT 81,,2,Urban,3,Principal Arterial - Other,1,State Highway Agency,51,51,45.59122222,45.59122222,-122.6668444,-122.66684444,0,No Special Jurisdiction,15,Non-Motorist on Personal Conveyance,0,Not a Collision with Motor Vehicle In-Transport,0,No,1,Non-Junction,1,Not an Intersection,0,,1,On Roadway,1,Daylight,10,Cloudy,0,No Additional Atmospheric Conditions,10,Cloudy,0,No,0000000,Not Applicable,16,4:00pm-4:59pm,27,27,16,4:00pm-4:59pm,32,32,16,4:00pm-4:59pm,55,55,0,,0,,0,,1,0
41,Oregon,410104,2,2,0,0,2,2,0,67,WASHINGTON (67),0,NOT APPLICABLE,19,19,5,May,2017,6,Friday,11,11:00am-11:59am,41,41,0,This section IS NOT on the NHS,3,State Highway,SR-6 ODOT 37,,1,Rural,4,Minor Arterial,1,State Highway Agency,375,375,45.65460556,45.65460556,-123.3044278,-123.30442778,0,No Special Jurisdiction,12,Motor Vehicle In-Transport,2,Front-to-Front,0,No,1,Non-Junction,1,Not an Intersection,0,,1,On Roadway,1,Daylight,1,Clear,0,No Additional Atmospheric Conditions,1,Clear,0,No,0000000,Not Applicable,11,11:00am-11:59am,42,42,11,11:00am-11:59am,57,57,88,Not Applicable (Not Transported),88,Not Applicable (Not Transported),0,,0,,0,,1,0