STATE,STATENAME,ST_CASE,VE_TOTAL,VE_FORMS,PVH_INVL,PEDS,PERSONS,PERMVIT,PERNOTMVIT,COUNTY,COUNTYNAME,CITY,CITYNAME,DAY,DAYNAME,MONTH,MONTHNAME,YEAR,DAY_WEEK,DAY_WEEKNAME,HOUR,HOURNAME,MINUTE,MINUTENAME,NHS,NHSNAME,ROUTE,ROUTENAME,TWAY_ID,TWAY_ID2,RUR_URB,RUR_URBNAME,FUNC_SYS,FUNC_SYSNAME,RD_OWNER,RD_OWNERNAME,MILEPT,MILEPTNAME,LATITUDE,LATITUDENAME,LONGITUD,LONGITUDNAME,SP_JUR,SP_JURNAME,HARM_EV,HARM_EVNAME,MAN_COLL,MAN_COLLNAME,RELJCT1,RELJCT1NAME,RELJCT2,RELJCT2NAME,TYP_INT,TYP_INTNAME,WRK_ZONE,WRK_ZONENAME,REL_ROAD,REL_ROADNAME,LGT_COND,LGT_CONDNAME,WEATHER1,WEATHER1NAME,WEATHER2,WEATHER2NAME,WEATHER,WEATHERNAME,SCH_BUS,SCH_BUSNAME,RAIL,RAILNAME,NOT_HOUR,NOT_HOURNAME,NOT_MIN,NOT_MINNAME,ARR_HOUR,ARR_HOURNAME,ARR_MIN,ARR_MINNAME,HOSP_HR,HOSP_HRNAME,HOSP_MN,HOSP_MNNAME,CF1,CF1NAME,CF2,CF2NAME,CF3,CF3NAME,FATALS,DRUNK_DR
41,Oregon,410276,1,1,0,1,1,1,1,29,JACKSON (29),0,NOT APPLICABLE,30,30,10,October,2017,2,Monday,7,7:00am-7:59am,29,29,0,This section IS NOT on the NHS,4,County Road,CR-EVANS CREEK ROAD,,1,Rural,5,Major Collector,2,County Highway Agency,260,260,42.499025,42.499025,-123.16805,-123.16805,0,No Special Jurisdiction,8,Pedestrian,0,Not a Collision with Motor Vehicle In-Transport,0,No,1,Non-Junction,1,Not an Intersection,0,,6,Off Roadway-Location Unknown,1,Daylight,98,Not Reported,0,No Additional Atmospheric Conditions,98,Not Reported,0,No,0000000,Not Applicable,7,7:00am-7:59am,30,30,7,7:00am-7:59am,37,37,99,Unknown,99,Unknown EMS Hospital Arrival Time,0,,0,,0,,1,0
41,Oregon,410277,2,2,0,0,2,2,0,43,LINN (43),0,NOT APPLICABLE,10,10,10,October,2017,3,Tuesday,13,1:00pm-1:59pm,55,55,1,This section IS ON the NHS,2,U.S. Highway,US-20 ODOT 16,,1,Rural,3,Principal Arterial - Other,1,State Highway Agency,346,346,44.40453889,44.40453889,-122.5937333,-122.59373333,0,No Special Jurisdiction,12,Motor Vehicle In-Transport,2,Front-to-Front,0,No,1,Non-Junction,1,Not an Intersection,0,,1,On Roadway,1,Daylight,10,Cloudy,0,No Additional Atmospheric Conditions,10,Cloudy,0,No,0000000,Not Applicable,13,1:00pm-1:59pm,58,58,14,2:00pm-2:59pm,7,7,88,Not Applicable (Not Transported),88,Not Applicable (Not Transported),0,,0,,0,,1,0
41,Oregon,410278,1,1,0,1,1,1,1,5,CLACKAMAS (5),1580,OREGON CITY,26,26,10,October,2017,5,Thursday,16,4:00pm-4:59pm,43,43,0,This section IS NOT on the NHS,6,Local Street - Municipality,WASHINGTON STREET,15TH STREET,2,Urban,4,Minor Arterial,4,City or Municipal Highway Agency,0,,45.36216944,45.36216944,-122.5992611,-122.59926111,0,No Special Jurisdiction,9,Pedalcyclist,0,Not a Collision with Motor Vehicle In-Transport,0,No,2,Intersection,4,Y-Intersection,0,,1,On Roadway,1,Daylight,1,Clear,0,No Additional Atmospheric Conditions,1,Clear,0,No,0000000,Not Applicable,4,4:00am-4:59am,43,43,4,4:00am-4:59am,45,45,99,Unknown,99,Unknown EMS Hospital Arrival Time,0,,0,,0,,1,0
41,Oregon,410279,2,2,0,0,2,2,0,59,UMATILLA (59),0,NOT APPLICABLE,26,26,10,October,2017,5,Thursday,17,5:00pm-5:59pm,11,11,0,This section IS NOT on the NHS,4,County Road,CR-HUEFT ROAD,,1,Rural,7,Local,2,County Highway Agency,41,41,45.54436944,45.54436944,-118.8694667,-118.86946667,0,No Special Jurisdiction,12,Motor Vehicle In-Transport,2,Front-to-Front,0,No,1,Non-Junction,1,Not an Intersection,0,,1,On Roadway,1,Daylight,1,Clear,0,No Additional Atmospheric Conditions,1,Clear,0,No,0000000,Not Applicable,17,5:00pm-5:59pm,11,11,17,5:00pm-5:59pm,15,15,99,Unknown,99,Unknown EMS Hospital Arrival Time,0,,0,,0,,1,0
41,Oregon,410280,2,2,0,0,2,2,0,3,BENTON (3),0,NOT APPLICABLE,27,27,10,October,2017,6,Friday,11,11:00am-11:59am,29,29,0,This section IS NOT on the NHS,3,State Highway,SR-99 ODOT 91,,1,Rural,4,Minor Arterial,1,State Highway Agency,938,938,44.41490556,44.41490556,-123.2795861,-123.27958611,0,No Special Jurisdiction,12,Motor Vehicle In-Transport,2,Front-to-Front,0,No,1,Non-Junction,1,Not an Intersection,0,,1,On Roadway,1,Daylight,98,Not Reported,0,No Additional Atmospheric Conditions,98,Not Reported,0,No,0000000,Not Applicable,99,Unknown,99,Unknown,99,Unknown EMS Scene Arrival Hour,99,Unknown EMS Scene Arrival Minutes,88,Not Applicable (Not Transported),88,Not Applicable (Not Transported),0,,0,,0,,1,0
41,Oregon,410281,2,2,0,0,6,6,0,51,MULTNOMAH (51),2090,TROUTDALE,11,11,10,October,2017,4,Wednesday,11,11:00am-11:59am,16,16,0,This section IS NOT on the NHS,6,Local Street - Municipality,SW 257TH AVE,,2,Urban,3,Principal Arterial - Other,4,City or Municipal Highway Agency,0,,45.52763611,45.52763611,-122.3985722,-122.39857222,0,No Special Jurisdiction,12,Motor Vehicle In-Transport,6,Angle,0,No,1,Non-Junction,1,Not an Intersection,0,,1,On Roadway,1,Daylight,10,Cloudy,0,No Additional Atmospheric Conditions,10,Cloudy,0,No,0000000,Not Applicable,99,Unknown,99,Unknown,99,Unknown EMS Scene Arrival Hour,99,Unknown EMS Scene Arrival Minutes,99,Unknown,99,Unknown EMS Hospital Arrival Time,0,,0,,0,,1,0
41,Oregon,410282,1,1,0,0,2,2,0,5,CLACKAMAS (5),0,NOT APPLICABLE,16,16,10,October,2017,2,Monday,14,2:00pm-2:59pm,57,57,0,This section IS NOT on the NHS,4,County Road,CR-S MONTE CRISTO ROAD,,1,Rural,5,Major Collector,2,County Highway Agency,24,24,45.10005833,45.10005833,-122.6847167,-122.68471667,0,No Special Jurisdiction,30,Utility Pole/Light Support,0,Not a Collision with Motor Vehicle In-Transport,0,No,1,Non-Junction,1,Not an Intersection,0,,4,On Roadside,1,Daylight,98,Not Reported,0,No Additional Atmospheric Conditions,98,Not Reported,0,No,0000000,Not Applicable,99,Unknown,99,Unknown,99,Unknown EMS Scene Arrival Hour,99,Unknown EMS Scene Arrival Minutes,88,Not Applicable (Not Transported),88,Not Applicable (Not Transported),0,,0,,0,,2,1
41,Oregon,410283,1,1,0,0,2,2,0,29,JACKSON (29),1878,SHADY COVE,10,10,10,October,2017,3,Tuesday,21,9:00pm-9:59pm,56,56,0,This section IS NOT on the NHS,2,U.S. Highway,US-62 ODOT 22,,1,Rural,4,Minor Arterial,1,State Highway Agency,189,189,42.59929722,42.59929722,-122.8190861,-122.81908611,0,No Special Jurisdiction,1,Rollover/Overturn,0,Not a Collision with Motor Vehicle In-Transport,0,No,1,Non-Junction,1,Not an Intersection,0,,4,On Roadside,6,Dark - Unknown Lighting,98,Not Reported,0,No Additional Atmospheric Conditions,98,Not Reported,0,No,0000000,Not Applicable,21,9:00pm-9:59pm,57,57,22,10:00pm-10:59pm,3,3,99,Unknown,99,Unknown EMS Hospital Arrival Time,0,,0,,0,,1,1
41,Oregon,410284,1,1,0,1,1,1,1,67,WASHINGTON (67),0,NOT APPLICABLE,4,4,11,November,2017,7,Saturday,19,7:00pm-7:59pm,42,42,1,This section IS ON the NHS,3,State Highway,SR-99 ODOT 91,FISCHER ROAD,2,Urban,3,Principal Arterial - Other,1,State Highway Agency,119,119,45.39797222,45.39797222,-122.7988889,-122.79888889,0,No Special Jurisdiction,8,Pedestrian,0,Not a Collision with Motor Vehicle In-Transport,0,No,3,Intersection-Related,3,T-Intersection,0,,1,On Roadway,3,Dark - Lighted,2,Rain,0,No Additional Atmospheric Conditions,2,Rain,0,No,0000000,Not Applicable,19,7:00pm-7:59pm,40,40,19,7:00pm-7:59pm,50,50,88,Not Applicable (Not Transported),88,Not Applicable (Not Transported),0,,0,,0,,1,0
41,Oregon,410285,2,2,0,0,3,3,0,51,MULTNOMAH (51),1650,PORTLAND,4,4,11,November,2017,7,Saturday,21,9:00pm-9:59pm,4,4,1,This section IS ON the NHS,2,U.S. Highway,US-30 ODOT 123,ST JOHNS BRIDGE,2,Urban,4,Minor Arterial,1,State Highway Agency,5,5,45.58316667,45.58316667,-122.7686528,-122.76865278,0,No Special Jurisdiction,12,Motor Vehicle In-Transport,6,Angle,0,No,2,Intersection,4,Y-Intersection,0,,1,On Roadway,3,Dark - Lighted,2,Rain,0,No Additional Atmospheric Conditions,2,Rain,0,No,0000000,Not Applicable,99,Unknown,99,Unknown,99,Unknown EMS Scene Arrival Hour,99,Unknown EMS Scene Arrival Minutes,99,Unknown,99,Unknown EMS Hospital Arrival Time,0,,0,,0,,1,0
41,Oregon,410286,1,1,0,1,1,1,1,51,MULTNOMAH (51),1650,PORTLAND,8,8,11,November,2017,4,Wednesday,1,1:00am-1:59am,14,14,1,This section IS ON the NHS,1,Interstate,I-5,,2,Urban,1,Interstate,1,State Highway Agency,3038,3038,45.55463611,45.55463611,-122.678675,-122.678675,0,No Special Jurisdiction,8,Pedestrian,0,Not a Collision with Motor Vehicle In-Transport,1,Yes,18,Through Roadway,1,Not an Intersection,0,,1,On Roadway,3,Dark - Lighted,10,Cloudy,0,No Additional Atmospheric Conditions,10,Cloudy,0,No,0000000,Not Applicable,99,Unknown,99,Unknown,99,Unknown EMS Scene Arrival Hour,99,Unknown EMS Scene Arrival Minutes,88,Not Applicable (Not Transported),88,Not Applicable (Not Transported),0,,0,,0,,1,0
41,Oregon,410287,1,1,0,1,1,1,1,51,MULTNOMAH (51),1650,PORTLAND,26,26,11,November,2017,1,Sunday,21,9:00pm-9:59pm,56,56,0,This section IS NOT on the NHS,6,Local Street - Municipality,N FESSENDEN ST,,2,Urban,5,Major Collector,4,City or Municipal Highway Agency,0,,45.59372778,45.59372778,-122.7354611,-122.73546111,0,No Special Jurisdiction,8,Pedestrian,0,Not a Collision with Motor Vehicle In-Transport,0,No,1,Non-Junction,1,Not an Intersection,0,,1,On Roadway,3,Dark - Lighted,10,Cloudy,0,No Additional Atmospheric Conditions,10,Cloudy,0,No,0000000,Not Applicable,21,9:00pm-9:59pm,57,57,21,9:00pm-9:59pm,59,59,88,Not Applicable (Not Transported),88,Not Applicable (Not Transported),0,,0,,0,,1,0
41,Oregon,410288,1,1,0,1,1,1,1,47,MARION (47),0,NOT APPLICABLE,4,4,11,November,2017,7,Saturday,15,3:00pm-3:59pm,3,3,0,This section IS NOT on the NHS,6,Local Street - Municipality,CR-ELMA AVE SE,CR-MAHRT AVE SE,2,Urban,7,Local,4,City or Municipal Highway Agency,4,4,44.92563611,44.92563611,-122.978075,-122.978075,0,No Special Jurisdiction,9,Pedalcyclist,0,Not a Collision with Motor Vehicle In-Transport,0,No,2,Intersection,2,Four-Way Intersection,0,,1,On Roadway,1,Daylight,2,Rain,0,No Additional Atmospheric Conditions,2,Rain,0,No,0000000,Not Applicable,15,3:00pm-3:59pm,3,3,15,3:00pm-3:59pm,8,8,99,Unknown,99,Unknown EMS Hospital Arrival Time,0,,0,,0,,1,0
41,Oregon,410289,1,1,0,0,1,1,0,5,CLACKAMAS (5),0,NOT APPLICABLE,7,7,11,November,2017,3,Tuesday,3,3:00am-3:59am,36,36,0,This section IS NOT on the NHS,3,State Highway,SR-213 ODOT 160,,1,Rural,4,Minor Arterial,1,State Highway Agency,132,132,45.1893,45.1893,-122.587,-122.587,0,No Special Jurisdiction,38,Fence,0,Not a Collision with Motor Vehicle In-Transport,0,No,1,Non-Junction,1,Not an Intersection,0,,4,On Roadside,3,Dark - Lighted,1,Clear,0,No Additional Atmospheric Conditions,1,Clear,0,No,0000000,Not Applicable,3,3:00am-3:59am,36,36,3,3:00am-3:59am,42,42,88,Not Applicable (Not Transported),88,Not Applicable (Not Transported),0,,0,,0,,1,1
41,Oregon,410290,2,2,0,0,3,3,0,9,COLUMBIA (9),0,NOT APPLICABLE,10,10,11,November,2017,6,Friday,12,12:00pm-12:59pm,23,23,1,This section IS ON the NHS,2,U.S. Highway,US-30 ODOT 92,CR-LAUREL WOOD DR,2,Urban,3,Principal Arterial - Other,1,State Highway Agency,450,450,46.0748,46.0748,-122.9065,-122.9065,0,No Special Jurisdiction,12,Motor Vehicle In-Transport,6,Angle,0,No,2,Intersection,3,T-Intersection,0,,1,On Roadway,1,Daylight,10,Cloudy,0,No Additional Atmospheric Conditions,10,Cloudy,0,No,0000000,Not Applicable,12,12:00pm-12:59pm,23,23,12,12:00pm-12:59pm,32,32,99,Unknown,99,Unknown EMS Hospital Arrival Time,0,,0,,0,,1,0
41,Oregon,410291,2,2,0,0,3,3,0,35,KLAMATH (35),0,NOT APPLICABLE,10,10,11,November,2017,6,Friday,17,5:00pm-5:59pm,33,33,1,This section IS ON the NHS,2,U.S. Highway,US-97 ODOT 4,,1,Rural,3,Principal Arterial - Other,1,State Highway Agency,2560,2560,42.47,42.47,-121.8735,-121.8735,0,No Special Jurisdiction,12,Motor Vehicle In-Transport,2,Front-to-Front,0,No,1,Non-Junction,1,Not an Intersection,0,,1,On Roadway,2,Dark - Not Lighted,10,Cloudy,0,No Additional Atmospheric Conditions,10,Cloudy,0,No,0000000,Not Applicable,17,5:00pm-5:59pm,36,36,17,5:00pm-5:59pm,56,56,99,Unknown,99,Unknown EMS Hospital Arrival Time,0,,0,,0,,1,1
41,Oregon,410292,1,1,0,0,2,2,0,7,CLATSOP (7),80,ASTORIA,11,11,11,November,2017,7,Saturday,13,1:00pm-1:59pm,50,50,1,This section IS ON the NHS,2,U.S. Highway,US-30 ODOT 92,,2,Urban,3,Principal Arterial - Other,1,State Highway Agency,954,954,46.16667778,46.16667778,-123.6046306,-123.60463056,0,No Special Jurisdiction,31,"Post, Pole or Other Supports",0,Not a Collision with Motor Vehicle In-Transport,0,No,1,Non-Junction,1,Not an Intersection,0,,4,On Roadside,1,Daylight,10,Cloudy,0,No Additional Atmospheric Conditions,10,Cloudy,0,No,0000000,Not Applicable,13,1:00pm-1:59pm,51,51,13,1:00pm-1:59pm,59,59,99,Unknown,99,Unknown EMS Hospital Arrival Time,0,,0,,0,,1,0
41,Oregon,410293,1,1,0,1,1,1,1,51,MULTNOMAH (51),1650,PORTLAND,12,12,11,November,2017,1,Sunday,19,7:00pm-7:59pm,55,55,0,This section IS NOT on the NHS,6,Local Street - Municipality,STARK STREET,,2,Urban,4,Minor Arterial,4,City or Municipal Highway Agency,0,,45.51912778,45.51912778,-122.5136278,-122.51362778,0,No Special Jurisdiction,8,Pedestrian,0,Not a Collision with Motor Vehicle In-Transport,0,No,1,Non-Junction,1,Not an Intersection,0,,1,On Roadway,3,Dark - Lighted,2,Rain,0,No Additional Atmospheric Conditions,2,Rain,0,No,0000000,Not Applicable,19,7:00pm-7:59pm,59,59,20,8:00pm-8:59pm,3,3,88,Not Applicable (Not Transported),88,Not Applicable (Not Transported),0,,0,,0,,1,0
41,Oregon,410294,1,1,0,1,2,2,1,33,JOSEPHINE (33),0,NOT APPLICABLE,14,14,11,November,2017,3,Tuesday,18,6:00pm-6:59pm,53,53,0,This section IS NOT on the NHS,6,Local Street - Municipality,CR-ELK LANE,CR-MAJESTIC DRIVE,2,Urban,7,Local,2,County Highway Agency,4,4,42.40586389,42.40586389,-123.3716833,-123.37168333,0,No Special Jurisdiction,15,Non-Motorist on Personal Conveyance,0,Not a Collision with Motor Vehicle In-Transport,0,No,3,Intersection-Related,3,T-Intersection,0,,1,On Roadway,2,Dark - Not Lighted,1,Clear,0,No Additional Atmospheric Conditions,1,Clear,0,No,0000000,Not Applicable,18,6:00pm-6:59pm,53,53,18,6:00pm-6:59pm,58,58,88,Not Applicable (Not Transported),88,Not Applicable (Not Transported),0,,0,,0,,1,0
41,Oregon,410295,2,2,0,0,2,2,0,7,CLATSOP (7),0,NOT APPLICABLE,15,15,11,November,2017,4,Wednesday,14,2:00pm-2:59pm,7,7,1,This section IS ON the NHS,2,U.S. Highway,US-101 ODOT 9,,1,Rural,3,Principal Arterial - Other,1,State Highway Agency,138,138,46.09638889,46.09638889,-123.9163056,-123.91630556,0,No Special Jurisdiction,12,Motor Vehicle In-Transport,6,Angle,0,No,1,Non-Junction,1,Not an Intersection,0,,1,On Roadway,1,Daylight,2,Rain,0,No Additional Atmospheric Conditions,2,Rain,0,No,0000000,Not Applicable,14,2:00pm-2:59pm,7,7,14,2:00pm-2:59pm,7,7,99,Unknown,99,Unknown EMS Hospital Arrival Time,0,,0,,0,,1,0
41,Oregon,410296,1,1,0,1,1,1,1,5,CLACKAMAS (5),2253,WILSONVILLE,17,17,11,November,2017,6,Friday,16,4:00pm-4:59pm,50,50,0,This section IS NOT on the NHS,6,Local Street - Municipality,SW WILSONVILLE ROAD,SW WILLAMETTE WAY,2,Urban,4,Minor Arterial,4,City or Municipal Highway Agency,0,,45.29686667,45.29686667,-122.7977139,-122.79771389,0,No Special Jurisdiction,8,Pedestrian,0,Not a Collision with Motor Vehicle In-Transport,0,No,3,Intersection-Related,2,Four-Way Intersection,0,,1,On Roadway,3,Dark - Lighted,2,Rain,0,No Additional Atmospheric Conditions,2,Rain,0,No,0000000,Not Applicable,99,Unknown,99,Unknown,99,Unknown EMS Scene Arrival Hour,99,Unknown EMS Scene Arrival Minutes,88,Not Applicable (Not Transported),88,Not Applicable (Not Transported),0,,0,,0,,1,0
41,Oregon,410297,1,1,0,0,2,2,0,47,MARION (47),0,NOT APPLICABLE,18,18,11,November,2017,7,Saturday,0,0:00am-0:59am,9,9,0,This section IS NOT on the NHS,4,County Road,CR-LINCOLN ROAD,,1,Rural,7,Local,2,County Highway Agency,12,12,45.14196389,45.14196389,-122.8142889,-122.81428889,0,No Special Jurisdiction,35,Embankment,0,Not a Collision with Motor Vehicle In-Transport,0,No,1,Non-Junction,1,Not an Intersection,0,,4,On Roadside,2,Dark - Not Lighted,98,Not Reported,0,No Additional Atmospheric Conditions,98,Not Reported,0,No,0000000,Not Applicable,9,9:00am-9:59am,36,36,9,9:00am-9:59am,39,39,88,Not Applicable (Not Transported),88,Not Applicable (Not Transported),0,,0,,0,,2,1
41,Oregon,410298,1,1,0,0,1,1,0,47,MARION (47),0,NOT APPLICABLE,20,20,11,November,2017,2,Monday,13,1:00pm-1:59pm,45,45,0,This section IS NOT on the NHS,4,County Road,CR-DONALD ROAD,,1,Rural,6,Minor Collector,2,County Highway Agency,0,,45.2286,45.2286,-122.8586083,-122.85860833,0,No Special Jurisdiction,30,Utility Pole/Light Support,0,Not a Collision with Motor Vehicle In-Transport,0,No,1,Non-Junction,1,Not an Intersection,0,,4,On Roadside,1,Daylight,1,Clear,0,No Additional Atmospheric Conditions,1,Clear,0,No,0000000,Not Applicable,13,1:00pm-1:59pm,45,45,14,2:00pm-2:59pm,0,0,88,Not Applicable (Not Transported),88,Not Applicable (Not Transported),0,,0,,0,,1,0
41,Oregon,410299,1,1,0,1,1,1,1,17,DESCHUTES (17),190,BEND,20,20,11,November,2017,2,Monday,11,11:00am-11:59am,20,20,0,This section IS NOT on the NHS,6,Local Street - Municipality,WALL STREET,OLNEY AVE,2,Urban,4,Minor Arterial,4,City or Municipal Highway Agency,0,,44.06414444,44.06414444,-121.3088944,-121.30889444,0,No Special Jurisdiction,9,Pedalcyclist,0,Not a Collision with Motor Vehicle In-Transport,0,No,2,Intersection,2,Four-Way Intersection,0,,1,On Roadway,1,Daylight,2,Rain,0,No Additional Atmospheric Conditions,2,Rain,0,No,0000000,Not Applicable,99,Unknown,99,Unknown,99,Unknown EMS Scene Arrival Hour,99,Unknown EMS Scene Arrival Minutes,88,Not Applicable (Not Transported),88,Not Applicable (Not Transported),0,,0,,0,,1,0
41,Oregon,410300,2,2,0,0,3,3,0,51,MULTNOMAH (51),880,GRESHAM,20,20,11,November,2017,2,Monday,14,2:00pm-2:59pm,5,5,1,This section IS ON the NHS,6,Local Street - Municipality,NE 181ST AVE,I-84,2,Urban,1,Interstate,1,State Highway Agency,137,137,45.5425,45.5425,-122.4773,-122.4773,0,No Special Jurisdiction,12,Motor Vehicle In-Transport,1,Front-to-Rear,1,Yes,5,Entrance/Exit Ramp Related,1,Not an Intersection,0,,1,On Roadway,1,Daylight,2,Rain,10,Cloudy,2,Rain,0,No,0000000,Not Applicable,14,2:00pm-2:59pm,5,5,14,2:00pm-2:59pm,12,12,99,Unknown,99,Unknown EMS Hospital Arrival Time,0,,0,,0,,1,0
41,Oregon,410301,1,1,0,0,1,1,0,51,MULTNOMAH (51),1650,PORTLAND,21,21,11,November,2017,3,Tuesday,21,9:00pm-9:59pm,58,58,1,This section IS ON the NHS,6,Local Street - Municipality,NE 75TH AVE,NE GLISAN ST,2,Urban,3,Principal Arterial - Other,4,City or Municipal Highway Agency,0,,45.52644167,45.52644167,-122.5858194,-122.58581944,0,No Special Jurisdiction,30,Utility Pole/Light Support,0,Not a Collision with Motor Vehicle In-Transport,0,No,3,Intersection-Related,2,Four-Way Intersection,0,,4,On Roadside,3,Dark - Lighted,2,Rain,0,No Additional Atmospheric Conditions,2,Rain,0,No,0000000,Not Applicable,99,Unknown,99,Unknown,99,Unknown EMS Scene Arrival Hour,99,Unknown EMS Scene Arrival Minutes,99,Unknown,99,Unknown EMS Hospital Arrival Time,0,,0,,0,,1,1
41,Oregon,410302,1,1,0,0,1,1,0,47,MARION (47),0,NOT APPLICABLE,22,22,11,November,2017,4,Wednesday,15,3:00pm-3:59pm,0,0,0,This section IS NOT on the NHS,4,County Road,CR-NORTH FORK ROAD,,1,Rural,5,Major Collector,2,County Highway Agency,45,45,44.79286944,44.79286944,-122.4961111,-122.49611111,0,No Special Jurisdiction,1,Rollover/Overturn,0,Not a Collision with Motor Vehicle In-Transport,0,No,1,Non-Junction,1,Not an Intersection,0,,4,On Roadside,1,Daylight,2,Rain,0,No Additional Atmospheric Conditions,2,Rain,0,No,0000000,Not Applicable,15,3:00pm-3:59pm,16,16,15,3:00pm-3:59pm,29,29,88,Not Applicable (Not Transported),88,Not Applicable (Not Transported),0,,0,,0,,1,1
41,Oregon,410303,2,2,0,0,4,4,0,3,BENTON (3),0,NOT APPLICABLE,22,22,11,November,2017,4,Wednesday,14,2:00pm-2:59pm,34,34,0,This section IS NOT on the NHS,3,State Highway,SR-99 ODOT 91,,1,Rural,4,Minor Arterial,1,State Highway Agency,929,929,44.429,44.429,-123.278,-123.278,0,No Special Jurisdiction,12,Motor Vehicle In-Transport,6,Angle,0,No,1,Non-Junction,1,Not an Intersection,0,,1,On Roadway,1,Daylight,10,Cloudy,0,No Additional Atmospheric Conditions,10,Cloudy,0,No,0000000,Not Applicable,14,2:00pm-2:59pm,36,36,14,2:00pm-2:59pm,47,47,99,Unknown,99,Unknown EMS Hospital Arrival Time,0,,0,,0,,2,0
41,Oregon,410304,1,1,0,1,1,1,1,17,DESCHUTES (17),0,NOT APPLICABLE,24,24,11,November,2017,6,Friday,17,5:00pm-5:59pm,4,4,0,This section IS NOT on the NHS,4,County Road,CR-CLINE FALLS HWY,,1,Rural,4,Minor Arterial,2,County Highway Agency,0,,44.17446667,44.17446667,-121.3238972,-121.32389722,0,No Special Jurisdiction,8,Pedestrian,0,Not a Collision with Motor Vehicle In-Transport,0,No,1,Non-Junction,1,Not an Intersection,0,,1,On Roadway,5,Dusk,10,Cloudy,0,No Additional Atmospheric Conditions,10,Cloudy,0,No,0000000,Not Applicable,17,5:00pm-5:59pm,6,6,17,5:00pm-5:59pm,11,11,88,Not Applicable (Not Transported),88,Not Applicable (Not Transported),0,,0,,0,,1,0
41,Oregon,410305,1,1,0,1,1,1,1,67,WASHINGTON (67),180,BEAVERTON,30,30,11,November,2017,5,Thursday,18,6:00pm-6:59pm,46,46,0,This section IS NOT on the NHS,6,Local Street - Municipality,125TH AVE,,2,Urban,4,Minor Arterial,4,City or Municipal Highway Agency,0,,45.45165833,45.45165833,-122.8054056,-122.80540556,0,No Special Jurisdiction,8,Pedestrian,0,Not a Collision with Motor Vehicle In-Transport,0,No,1,Non-Junction,1,Not an Intersection,0,,1,On Roadway,3,Dark - Lighted,1,Clear,0,No Additional Atmospheric Conditions,1,Clear,0,No,0000000,Not Applicable,99,Unknown,99,Unknown,99,Unknown EMS Scene Arrival Hour,99,Unknown EMS Scene Arrival Minutes,88,Not Applicable (Not Transported),88,Not Applicable (Not Transported),0,,0,,0,,1,0
41,Oregon,410306,1,1,0,0,2,2,0,35,KLAMATH (35),0,NOT APPLICABLE,3,3,12,December,2017,1,Sunday,13,1:00pm-1:59pm,28,28,0,This section IS NOT on the NHS,4,County Road,CR-CRESCENT CUTOFF RD,,1,Rural,7,Local,2,County Highway Agency,80,80,43.46536389,43.46536389,-121.7678139,-121.76781389,0,No Special Jurisdiction,1,Rollover/Overturn,0,Not a Collision with Motor Vehicle In-Transport,0,No,1,Non-Junction,1,Not an Intersection,0,,4,On Roadside,1,Daylight,1,Clear,0,No Additional Atmospheric Conditions,1,Clear,0,No,0000000,Not Applicable,13,1:00pm-1:59pm,21,21,99,Unknown EMS Scene Arrival Hour,99,Unknown EMS Scene Arrival Minutes,88,Not Applicable (Not Transported),88,Not Applicable (Not Transported),0,,0,,0,,1,0
41,Oregon,410307,2,2,0,0,6,6,0,65,WASCO (65),0,NOT APPLICABLE,3,3,12,December,2017,1,Sunday,15,3:00pm-3:59pm,35,35,1,This section IS ON the NHS,2,U.S. Highway,US-26 ODOT 53,,1,Rural,3,Principal Arterial - Other,1,State Highway Agency,650,650,45.200925,45.200925,-121.6927917,-121.69279167,0,No Special Jurisdiction,12,Motor Vehicle In-Transport,6,Angle,0,No,1,Non-Junction,1,Not an Intersection,0,,1,On Roadway,1,Daylight,4,Snow,0,No Additional Atmospheric Conditions,4,Snow,0,No,0000000,Not Applicable,15,3:00pm-3:59pm,43,43,16,4:00pm-4:59pm,21,21,99,Unknown,99,Unknown EMS Hospital Arrival Time,0,,0,,0,,1,0
41,Oregon,410308,2,2,0,0,3,3,0,35,KLAMATH (35),0,NOT APPLICABLE,3,3,12,December,2017,1,Sunday,1,1:00am-1:59am,47,47,1,This section IS ON the NHS,2,U.S. Highway,US-97 ODOT 4,,1,Rural,3,Principal Arterial - Other,1,State Highway Agency,2262,2262,42.87954167,42.87954167,-121.8310333,-121.83103333,0,No Special Jurisdiction,12,Motor Vehicle In-Transport,6,Angle,0,No,1,Non-Junction,1,Not an Intersection,0,,1,On Roadway,2,Dark - Not Lighted,10,Cloudy,0,No Additional Atmospheric Conditions,10,Cloudy,0,No,0000000,Not Applicable,1,1:00am-1:59am,49,49,2,2:00am-2:59am,28,28,99,Unknown,99,Unknown EMS Hospital Arrival Time,0,,0,,0,,1,0